statistic,pvalue,groups
22.173567869811677,0.00048527414488659773,"c, c++, go, java, python, rust"
