statistic,pvalue
142.657178649796,4.8724460219389113e-29
