language,n,mean,median,std,min,max
c,77,29.18476322610077,27.77777777777778,16.51977806395988,0.0,71.42857142857143
c++,263,26.87661408247409,25.0,16.359722392396915,0.0,81.81818181818183
go,74,22.641809217059585,17.314095449500556,17.018203613666692,0.0,72.0
java,66,46.68667985710686,43.30357142857143,28.084045242365224,0.0,98.85496183206108
python,36,6.657036019501096,0.0,12.889585412934085,0.0,45.45454545454545
rust,35,4.183523948434977,0.0,10.676867892600981,0.0,52.23880597014925
