statistic,pvalue
140.21902724056636,1.6073576713180782e-28
