language,issue_freq_median,issue_freq_mean,issue_freq_std,issue_freq_count
c,0.021224984839296544,0.045490688775163574,0.05662255255640602,77
c++,0.025959367945823927,0.07636409144949584,0.1655058066326434,263
go,0.01982573987538941,0.029531212380128083,0.034023056905948985,74
java,0.021333216051318528,0.03938522290970122,0.04870891917928694,66
python,0.014099164815993132,0.022792568486760364,0.026569507241518957,36
rust,0.024681201151789386,0.06753336273396203,0.10022409844564643,35
